split,pattern_id,group_id,defective,images
train,1,1,0,1414
train,1,1,1,486
train,2,1,0,1637
train,2,1,1,548
train,3,1,0,1636
train,3,1,1,541
train,4,2,0,1659
train,4,2,1,524
train,5,2,0,2174
train,5,2,1,718
train,6,2,0,2281
train,6,2,1,753
train,7,2,0,2450
train,7,2,1,806
train,8,3,0,2291
train,8,3,1,762
train,9,3,0,2399
train,9,3,1,779
train,10,3,0,2340
train,10,3,1,782
train,11,3,0,1867
train,11,3,1,616
train,12,3,0,2116
train,12,3,1,691
train,13,4,0,2106
train,13,4,1,689
train,14,4,0,1938
train,14,4,1,652
train,15,4,0,1883
train,15,4,1,660
train,16,5,0,1710
train,16,5,1,569
train,17,5,0,2883
train,17,5,1,990
train,18,5,0,934
train,18,5,1,304
train,19,5,0,2223
train,19,5,1,739
val,1,1,0,177
val,1,1,1,61
val,2,1,0,204
val,2,1,1,68
val,3,1,0,205
val,3,1,1,68
val,4,2,0,207
val,4,2,1,66
val,5,2,0,272
val,5,2,1,90
val,6,2,0,285
val,6,2,1,94
val,7,2,0,306
val,7,2,1,101
val,8,3,0,286
val,8,3,1,95
val,9,3,0,300
val,9,3,1,98
val,10,3,0,292
val,10,3,1,98
val,11,3,0,234
val,11,3,1,77
val,12,3,0,264
val,12,3,1,86
val,13,4,0,263
val,13,4,1,86
val,14,4,0,242
val,14,4,1,81
val,15,4,0,235
val,15,4,1,82
val,16,5,0,214
val,16,5,1,71
val,17,5,0,360
val,17,5,1,124
val,18,5,0,117
val,18,5,1,38
val,19,5,0,278
val,19,5,1,92
cal,1,1,0,177
cal,1,1,1,61
cal,2,1,0,204
cal,2,1,1,68
cal,3,1,0,205
cal,3,1,1,68
cal,4,2,0,207
cal,4,2,1,66
cal,5,2,0,272
cal,5,2,1,90
cal,6,2,0,285
cal,6,2,1,94
cal,7,2,0,306
cal,7,2,1,101
cal,8,3,0,286
cal,8,3,1,95
cal,9,3,0,300
cal,9,3,1,98
cal,10,3,0,292
cal,10,3,1,98
cal,11,3,0,234
cal,11,3,1,77
cal,12,3,0,264
cal,12,3,1,86
cal,13,4,0,263
cal,13,4,1,86
cal,14,4,0,242
cal,14,4,1,81
cal,15,4,0,235
cal,15,4,1,82
cal,16,5,0,214
cal,16,5,1,71
cal,17,5,0,360
cal,17,5,1,124
cal,18,5,0,117
cal,18,5,1,38
cal,19,5,0,278
cal,19,5,1,92
test,1,1,0,905
test,1,1,1,283
test,2,1,0,1035
test,2,1,1,342
test,3,1,0,1034
test,3,1,1,349
test,4,2,0,1007
test,4,2,1,370
test,5,2,0,1368
test,5,2,1,464
test,6,2,0,1316
test,6,2,1,448
test,7,2,0,1513
test,7,2,1,517
test,8,3,0,1406
test,8,3,1,471
test,9,3,0,1480
test,9,3,1,518
test,10,3,0,1477
test,10,3,1,489
test,11,3,0,1172
test,11,3,1,399
test,12,3,0,1334
test,12,3,1,463
test,13,4,0,1304
test,13,4,1,451
test,14,4,0,1274
test,14,4,1,418
test,15,4,0,1178
test,15,4,1,353
test,16,5,0,1052
test,16,5,1,352
test,17,5,0,1830
test,17,5,1,573
test,18,5,0,601
test,18,5,1,209
test,19,5,0,1418
test,19,5,1,476
